use bookmanage;
-- 插入会员数据
INSERT INTO 会员 (会员编号, 会员姓名, 会员性别, 会员类别, 会员联系方式) VALUES
(1, '张三', '男', '普通会员', '1234567890'),
(2, '李四', '女', '高级会员', '9876543210'),
(3, '王五', '男', '普通会员', '1357924680'),
(4, '赵六', '女', '普通会员', '2468013579'),
(5, '小明', '男', '高级会员', '1122334455'),
(6, '小红', '女', '普通会员', '5544332211'),
(7, '小李', '男', '高级会员', '7788990011'),
(8, '小芳', '女', '普通会员', '9988776655'),
(9, '小刚', '男', '普通会员', '6655443322'),
(10, '小华', '女', '高级会员', '2233445566');

-- 插入工作人员数据
INSERT INTO 工作人员 (员工编号, 员工姓名, 员工性别, 员工身份证号, 员工职位, 员工工资) VALUES
(101, '张工', '男', '310101198001012345', '销售员', 5000),
(102, '李工', '女', '310101198002012345', '收银员', 4500),
(103, '王工', '男', '310101198003012345', '仓库管理员', 4800),
(104, '赵工', '女', '310101198004012345', '经理', 8000),
(105, '小工', '男', '310101198005012345', '售后服务', 5500),
(106, '大工', '女', '310101198006012345', '采购员', 5200),
(107, '中工', '男', '310101198007012345', '财务', 6000),
(108, '老工', '女', '310101198008012345', '人力资源', 6000),
(109, '小明', '男', '310101198009012345', '销售员', 5000),
(110, '小红', '女', '310101198010012345', '收银员', 4500);

-- 插入图书数据
INSERT INTO 图书 (图书编号, 图书名称, 图书出版社, 图书价格, 图书作者, 图书类别, 图书库存数量) VALUES
(1001, '《Java编程思想》', '机械工业出版社', 89.99, 'Bruce Eckel', '计算机', 100),
(1002, '《Python基础教程》', '人民邮电出版社', 59.99, 'Magnus Lie Hetland', '计算机', 150),
(1003, '《三体》', '重庆出版社', 39.99, '刘慈欣', '科幻', 80),
(1004, '《活着》', '作家出版社', 29.99, '余华', '文学', 120),
(1005, '《人间失格》', '新世界出版社', 25.99, '太宰治', '文学', 90),
(1006, '《白夜行》', '南方出版社', 49.99, '东野圭吾', '悬疑', 110),
(1007, '《解忧杂货店》', '中信出版社', 36.99, '东野圭吾', '小说', 100),
(1008, '《活着为了讲述》', '作家出版社', 45.99, '余华', '传记', 70),
(1009, '《挪威的森林》', '上海译文出版社', 32.99, '村上春树', '小说', 85),
(1010, '《哈利·波特与魔法石》', '人民文学出版社', 49.99, 'J.K.罗琳', '奇幻', 95);

-- 插入购买记录数据
INSERT INTO 购买记录 (购买记录编号, 购买时间, 会员编号, 会员联系方式, 会员姓名, 会员类别, 图书编号, 图书名称, 办理人) VALUES
(1, '2024-05-01 10:30:00', 1, '1234567890', '张三', '普通会员', 1001, '《Java编程思想》', '张工'),
(2, '2024-05-02 11:45:00', 2, '9876543210', '李四', '高级会员', 1002, '《Python基础教程》', '李工'),
(3, '2024-05-03 09:15:00', 3, '1357924680', '王五', '普通会员', 1003, '《三体》', '王工'),
(4, '2024-05-04 13:20:00', 4, '2468013579', '赵六', '普通会员', 1004, '《活着》', '赵工'),
(5, '2024-05-05 14:30:00', 5, '1122334455', '小明', '高级会员', 1005, '《人间失格》', '小工'),
(6, '2024-05-06 16:40:00', 6, '5544332211', '小红', '普通会员', 1006, '《白夜行》', '大工');
